twist_of_WingMainSec1_of_WingMain,twist_of_WingMainSec2_of_WingMain,dihedralAngle_of_WingMainSec3_of_WingMain,dihedralAngle_of_WingMainSec4_of_WingMain,dihedralAngle_of_WingMainSec5_of_WingMain,dihedralAngle_of_WingMainSec6_of_WingMain,cl
-0.5951534838353641,0.8102583659318106,3.924507524217976,13.126551731991842,46.65012762080478,60.58529057151678,1.35689
-0.0779819959848303,0.922495832661996,3.7046379459057697,14.41591114745674,56.3672739045244,74.84939893619983,1.36055
-0.3770209467023893,-0.2269690554260254,3.8749812981989273,13.918634449060514,46.90184503625138,67.2878988195944,1.3394
0.3786053518785039,-0.2493678348831495,4.045359348922811,10.937712775586249,52.47352827219025,70.5474635965397,1.36096
-0.8612657313508921,0.714502619088571,3.1669884003681155,12.9787849763557,49.025704866311685,74.60410063856266,1.33476
0.056816835996742,0.9135643304487564,4.079628024802625,13.183496750496156,56.37509773836892,66.9604843390094,1.37006
0.6199148508112915,0.9316082743705024,3.8434861584220896,14.456899297525553,47.58985567879728,79.7704419410494,1.39568
0.9992934004965062,-0.1545725030534928,4.019391546044671,13.189614024352954,50.04730345748614,68.24635632670677,1.39073
-0.6415356515431936,-0.0046946395469079,3.4037658751945856,10.151112652787145,52.66938143154532,70.68265775377422,1.32631
0.2418979274819894,0.8403588700456108,4.228947995592777,13.785936892282736,46.71501295303243,73.13831983036015,1.38344
-0.7574558639273101,0.2649523230914681,3.331275509618802,14.200541153008292,57.4748591044539,83.41768133683725,1.31328
0.8522856940823562,0.0142982749152136,3.4171799278753463,11.58387472900184,45.89268974015518,62.3661558362536,1.39688
-0.5259512708963614,-0.3597495980912282,3.7287710675044656,10.643607557664986,46.75604327165972,80.35934268826054,1.32403
-0.8778417035853906,0.7873080842271469,3.46098787712232,14.824363270631778,44.74778915172364,66.94720911116833,1.34361
-0.5384923830912028,-0.7089931191925452,3.1529943017520594,14.394672372319416,47.09844979532584,66.34024567451361,1.3223
-0.8962878758528611,-0.6945152989519628,3.6519909192582505,11.06427558044768,44.983699948796506,69.64442882373305,1.31011
-0.3636290134991586,-0.5410118216379273,3.3100178246851266,14.243330125145654,44.0112379880158,57.04313825525369,1.34029
0.909715918552048,0.4379578756558036,3.814256083850024,13.52357391714012,58.056692138570114,58.67408726001274,1.39484
-0.334390803750983,0.1586963443712992,4.242497167679197,13.145145187588328,53.25471116591088,59.54674572879698,1.346
0.1342635214239185,0.0598159605880355,3.859514959251269,12.552125805788473,50.596564597958334,75.18529128614551,1.35704
0.491167787682174,-0.5770735650608791,3.745132162601195,12.062688821906102,56.82135948534409,56.00968221086046,1.35944
-0.5862950504691391,-0.1769445044995861,4.040757638004493,9.947968706644572,40.12246438850299,65.39600092493592,1.34057
0.9602046881650366,-0.2151341975282932,3.917430346003101,13.95388928858356,42.58868968874956,57.59227338957069,1.40092
0.7579506005700407,0.347782223637606,3.568217172291281,11.44615622111169,53.805958608476,75.8242692689887,1.3843
-0.4941779766302411,0.2026027035287445,3.337826749111111,10.34537707556864,58.5150644918557,82.54534846399062,1.32258
0.9365879670384392,0.4141044998567891,3.2045421324561767,11.62988779427415,40.6413727667,65.41694953014596,1.41229
-0.1666510594854617,-0.5378258924324517,3.8063954481883737,12.747108489248385,58.338123551530536,64.2429398698932,1.32885
-0.8895248422711538,-0.7503458411963908,2.8698207170849663,11.373877359768734,49.680885049455,63.05805548097319,1.30781
0.6003765961156615,0.330300374589731,2.914880616649202,12.589272701683,55.482218421447385,67.38913962708646,1.37983
0.9354250812619008,-0.8409535485914499,3.03763501745754,13.547094409037337,45.75468231197624,64.92292783695073,1.38
-0.3808806455864332,0.7440687189300383,3.637826964944336,14.56004287860857,46.43992466037356,56.3664323220567,1.36565
-0.633777335542157,0.9701267041207906,3.1063036590501385,14.615299840807609,43.159242031694674,70.21107257231165,1.35697
0.2492717336172478,-0.6556002201937366,4.277514558323221,11.861167550838363,53.962251970926864,59.98496951983656,1.35019
0.6842049530163539,0.3023818538694078,4.105349462910209,11.701463510902318,54.9042090270369,68.46240672733848,1.38301
0.5608940774668756,-0.9726097359152696,3.409624756517493,12.543497888595144,54.650012504759104,79.3268283345325,1.34488
0.1446027439941759,-0.1946108134372508,4.186944913083831,14.758121355352788,51.7320206055395,65.44672056830979,1.35548
-0.972296860560828,0.1724436944362084,3.641463568141169,12.34936769129961,46.92906296807645,63.94908676279066,1.32647
-0.8475381283469066,0.7691363233012058,3.246725751356464,13.69172979327266,48.87884305656223,62.26598586595969,1.34261
0.6810653834255651,-0.3374701503396733,3.5113593966411867,11.905986565415065,40.02721558651456,64.79129541936233,1.38705
-0.9031322674715752,0.0250587067766325,3.939971529291456,10.716192304781895,40.95232477923594,73.68646685744947,1.32705
0.86318245900815,0.1600101864604228,3.102052494656523,12.163346406518908,50.730245512346286,61.11793813227848,1.39505
-0.1030737511299764,0.0093663034067887,3.767814355552023,12.02724598308587,46.198157000630985,63.3250074316881,1.35826
0.6240812364968238,-0.2039509119414795,3.622370386544501,10.588637338688754,58.88904814046158,57.20162915209276,1.37031
0.4794185599390879,0.5772921013202132,3.133306175130327,10.774886867621436,52.57282373724274,73.7742811737588,1.38087
-0.3514248662602727,-0.8382845647508204,3.407112389971356,13.363673991451114,58.26374358188947,66.03747831292124,1.31418
0.0747492154424516,0.9418252241361598,3.979639739342504,12.00270649845434,48.23630319990303,77.76057525784287,1.37511
0.3196174325966612,-0.8077303395303392,3.653812397043794,12.791984756898035,57.32107457418108,65.35536825853393,1.34284
-0.7716975594775046,0.4793379919797222,3.558107543464448,9.958474516297322,49.32794437758976,67.07057490648887,1.33713
0.3661677530512364,0.5636949269133689,4.016184143602842,11.940081630893832,52.10081002996189,73.3624881290466,1.37689
-0.3742298545930086,0.7596490920638586,3.3873700703149296,12.859322506524167,40.760322481554645,78.79448811894633,1.36009
-0.4408384925673895,-0.673271825533949,4.07443158448851,14.10258041596124,57.29806501523275,60.49387812807585,1.3178
-0.6708289735771461,0.0835743656113452,3.017670405359276,13.851032866385882,44.274365166313885,65.20487544373347,1.33936
0.0922145802693163,0.3948492232515563,3.130471577428252,14.016978356745833,49.863273435721766,61.48205703253937,1.37014
0.4383760876510063,-0.1269764454615118,3.414737134445002,12.847409863849052,40.46427687794762,55.71022204554172,1.38535
0.9537215258171396,0.9850560025770284,3.049262506483708,13.238581491132743,53.68540353691027,77.08021253902673,1.40462
-0.0461060192036711,-0.2551875222957386,3.47110348096928,14.458874298926908,58.97730041029758,63.5631431398862,1.33905
0.7964251278988852,-0.7233379741589769,4.169939773581145,10.919695632079646,53.83237473929008,80.81676731503609,1.35946
0.6315711477199473,-0.8587662708941922,3.4572833351244032,12.767749206486792,43.78764132447595,80.76280432558565,1.36073
0.7326173239041149,-0.0151873304123036,3.113277357745011,10.190902822009177,41.83868285725167,63.03081629671231,1.39553
0.8538050585355306,0.3360324180572729,4.069246049047537,10.028384831519334,45.05281564206204,80.36211061031437,1.39495
0.8124867532254338,-0.3625867370936728,3.437828932741226,11.847031619760404,50.65722193030098,59.49591422396183,1.38334
0.8505536843900603,0.3602455119628864,3.254317799079637,13.64598447785432,45.27167695259469,59.17009747777376,1.40615
-0.2899355715558406,0.2332257729877402,3.6317666003309945,14.590920563065122,48.55451192883405,83.83802131283818,1.3407
-0.7973030569472869,0.6749775548654817,3.8644806737090183,13.066609376086458,42.13251473428318,65.12405683313797,1.34849
-0.6373737568027671,0.7250115472418093,3.881340603582765,14.637979262385016,43.41673303099552,84.41958576304128,1.34426
0.8024918214366759,-0.8082994555126446,3.5456805498765727,13.367610364859958,52.49777601277458,66.1877980435561,1.36769
-0.0275915658919165,0.7067537574954252,2.9449205449342983,14.193856447533545,42.572243620166354,78.31544373741252,1.37135
0.1190042466962484,-0.7630274069966532,3.9341381126335513,12.79759222255656,50.71168731295414,59.07197641595637,1.34723
0.3845313875639113,0.4886440016746476,3.236842123242111,10.659242268853118,57.79629532603576,83.15239697681211,1.36356
0.0132014161402298,0.2786035619554696,3.1781198154571224,14.885209659180497,59.98030221381028,71.47856115388663,1.34707
-0.6266317481157645,-0.0969222010627358,4.202912980601791,11.891992191220508,58.95092507394481,67.73473238122027,1.31802
-0.2298294126146506,-0.1466580846303886,3.5421109218983444,10.177513422675515,56.75583887164154,72.50748077066012,1.33261
0.7386836774490841,-0.0563135563509138,4.091224565567906,10.818722523686066,59.22159133430043,66.53704333535562,1.37307
-0.098835140101245,-0.8871548746529165,3.856943197420859,10.339013968253456,47.716473582690064,62.74974033025166,1.33765
-0.8954793520325386,-0.8312483872672709,3.059956027098984,11.952474933457664,53.40620530801574,75.54350343484438,1.29457
0.940703179384934,0.5990526539962047,4.169243593415674,11.690106112815522,40.53941160433445,75.4106960811143,1.41128
-0.0910650238457569,-0.0672190548825764,2.9579577275696005,12.179810006048884,48.41480226531473,59.01843115072131,1.35696
0.5194233020028673,0.660004047894267,3.5227007459826782,10.279692401960332,56.90800932071918,66.7757790511428,1.38266
0.8472323654556815,0.0581039604264554,4.010378941579292,10.415458742940904,42.06095232230085,68.83482313700183,1.39786
-0.421194743243596,0.1145494590496318,3.5312244141042752,14.11320373013533,48.29292452638733,71.40805248431289,1.34123
0.1725681228016915,-0.912978396113938,3.7346971491994783,14.254731751464334,43.62319723632166,69.26163175019943,1.34824
0.3058915222092602,-0.5916263648646228,3.4779152817024044,13.733240331080813,56.56401259389349,72.89654570699675,1.34382
0.3725363722517798,0.2870790684983091,4.217116122468678,10.270268082864954,57.74646761015238,59.25288316662333,1.37286
-0.9702908687334006,0.896163856773682,4.063957069288083,11.007274103724022,57.12945776546627,76.49417085308869,1.32407
-0.80049920115398,0.6702456203223028,3.517713688223302,13.343960303320422,44.16730813921833,74.99485656136764,1.34049
0.2589826736629284,-0.7894314065614917,4.233434667266656,11.350114283796128,55.72463984555056,71.96264039376561,1.34014
-0.4548807271548637,-0.675212620501707,3.5749638985578804,11.32609350550896,40.15908352088199,75.76857625931973,1.32927
-0.1903342304830553,0.3530762693396307,4.1447983950685945,13.495293756485356,44.55851377304303,60.30260532734357,1.36489
0.4678225926206816,-0.581561869849172,4.055540584303241,11.23345483942968,47.32752074900454,83.37602816667338,1.35692
0.550279799095672,-0.2838933015610546,2.8908236867663475,11.53798176812051,42.8028579203024,79.691098587189,1.37177
-0.4147938179079512,0.2527243384292761,3.340158398005335,12.236939428198095,54.7126063400597,80.204178180724,1.33216
0.7231152097487106,-0.7531708320759056,3.6816306778548817,10.173795907728008,43.68375618721013,66.64860807488068,1.37478
0.7344834712169093,0.3724802983611919,4.201560812592632,12.907440129307895,59.73313372320432,68.14072315064955,1.38001
0.4212075067120067,0.0555882783013064,3.782148685991114,14.474661403506689,40.9068016422359,58.93382669133295,1.38595
-0.7760682805128902,-0.978173721451932,4.065471297175972,13.753977970669204,43.56203435627111,77.9038740750755,1.30481
-0.5548871637987673,-0.0090710467085393,3.5712741573006337,13.798449096448971,56.73589551880636,61.05072254563292,1.32857
-0.7301164434175846,-0.2206901294464012,3.197547757936192,11.283106270686378,46.30176416279938,55.84888431241883,1.33198
-0.9122655518475644,0.5402648056430384,3.794521573568168,11.365001756135964,43.648076091962615,67.43749552265989,1.33874
0.7735560664391465,-0.6999346362944794,3.187739554839931,13.56053771281594,51.22145165887145,81.50199474251104,1.36267
-0.7231834632538852,-0.9685274747179892,3.306204986949852,10.882683005741487,49.39840862448982,62.084418964525256,1.30993
-0.5286208312295171,0.0956808393657302,2.9175735127221567,13.554074256643249,59.69266906327645,68.69647062166338,1.32457
-0.5763362931264999,0.902377979868166,4.055179147856937,13.658177221583864,54.27278928428677,69.50571527640234,1.34744
-0.3131538340809896,-0.8679406846398539,3.5215957377686378,10.582127988131496,53.11540016852995,75.29386096671811,1.31771
0.7373709211801367,0.3106903748149094,4.151910628643593,12.123934930268208,40.82914940714149,61.17031550741733,1.40422
-0.3168502684012408,-0.6377629384361442,2.899683300076249,13.803672326221443,49.16817076312621,74.56169689192828,1.32648
0.8389158970205459,0.8924216059148173,3.869602825102502,10.05078458156668,43.29993625013803,72.09124017995634,1.4131
0.1135294105372148,0.8373766491818917,3.0821194738452298,11.866579796595651,57.84792765878083,63.40289787551178,1.37039
-0.4177614661532192,0.0222369617315698,3.572507466303154,12.709156348871543,49.43912337640691,69.136710439171,1.33966
0.4258051754213248,-0.6213416686617441,3.2664405977750897,12.615776142163924,45.17350362324578,56.065292233223744,1.36948
-0.0114568373934379,-0.4542972641395625,3.97187925042874,10.128529498677429,41.43093859671247,80.284130600355,1.34753
-0.8665288487435504,0.1253715074071122,4.195097995803678,13.92344721774641,47.887650756966806,77.06626917938887,1.32151
0.868933224881342,0.2539431380789427,3.291961536259055,14.667941859481305,41.26574928048353,78.43751860925735,1.39734
-0.0440154334739992,0.5494719716052738,4.077824890238349,14.545386889797914,42.827201898607406,68.90627120418897,1.3722
-0.1424314606214709,0.5090611178318869,3.281082628219725,10.255816939980424,56.67391021816732,64.99453334598287,1.3548
-0.1645398707964831,0.4857506045760096,2.8628769679115518,12.597796497847272,47.66691792341733,73.72650798975235,1.35887
-0.3554863307940635,-0.9196974039433584,3.971697053326144,13.60777852570923,45.424862261361135,63.86876807113089,1.32881
0.9265062817059035,-0.2798396204197313,3.560155167441891,10.138814464189077,40.57113096008397,59.21789649467294,1.39993
0.9764823784036772,-0.6046848741573347,3.96978932050689,13.700025819102828,48.18990670336802,76.12641850457085,1.3781
-0.176301533599442,0.6161068243174683,3.70539631925226,12.30090964122826,49.22345551613204,70.90404296667201,1.3607
0.9168764077496488,0.1457079361124689,4.257982547538238,10.674799322144684,45.908143028025,57.08693177280284,1.40506
0.3684128763002605,-0.0709855466466465,3.921661481300342,12.579704922890754,53.61729346186984,82.90313970032918,1.35608
-0.0734295163285004,0.6280034017190019,2.93390190179898,11.613033332768516,52.1697514866203,55.48296178606936,1.36995
0.6368038554032611,-0.3870113335966066,4.244744820927167,14.637135302853077,59.09548307747119,74.66788837527639,1.35645
-0.3213710086421698,0.1490364242140409,3.0524633280208544,14.064761864281705,46.11624622318399,74.7798503501153,1.34635
-0.9252245996225208,0.461020159671393,3.612495122422083,10.121190255580398,42.2678724978695,75.94153327773023,1.33276
0.2062615882484488,0.9961703811228142,3.364500182996588,11.970905893130832,47.69405443903764,65.73297335012461,1.38819
-0.6466509635229748,0.7048087623755981,3.070029395558588,13.422188872363073,41.05721259455753,63.47440489588757,1.35657
0.9858012161208972,0.2881001895743971,3.938254908650261,9.973926364837055,48.50656891567006,67.17171288146804,1.40215
-0.4101810188914968,0.8905848581660909,2.884045170163556,13.110037602247967,47.16087887430803,58.2831093854786,1.36671
0.80979690372872,-0.2354799060563772,3.045767029934144,13.427234711774895,45.155603169446906,55.37301321323053,1.39277
-0.6871023885914829,0.3798240559272234,3.918841193660917,13.814222303510691,44.37990405421971,69.76450321561647,1.34146
0.6229250951747911,-0.2507317061310402,3.660892903563341,10.907962968398266,50.29314178237331,67.94830723738963,1.37427
0.1741281392230385,-0.0057272963349569,4.038261162513756,14.443172636270155,46.15084631105444,72.36250758486487,1.36324
0.9637745146682456,-0.0918367392312465,3.4200688928643754,13.178464595544316,58.03450846565805,58.96163474465066,1.38531
0.0420031414608224,0.8304175747662919,3.4684069878013237,13.07914121100612,51.64770486591403,81.22185834166913,1.36565
-0.2665702389852673,-0.5674268256570913,3.649931327710183,10.380053766987746,59.13271570340622,83.95305363243801,1.31329
-0.8712358899943246,0.0328249939143008,4.240639775078608,13.582690915270634,56.25640344374776,72.03820460829166,1.31255
0.0336210805709085,0.6357122495384122,3.1402541532784167,11.187337150462223,56.3246265613428,75.87291935220168,1.36017
0.9756648195576988,0.5710124772752645,3.516659420305292,13.314903564501684,49.91315181863284,71.2616681924964,1.40389
-0.8344148187713175,-0.5791206885234474,3.667250345391325,13.988124773653077,48.127965711777456,69.38995305347854,1.31081
-0.7979276082241935,0.1847874706068581,3.912344915945008,12.072445936095692,59.86531394949988,56.707841191867,1.32156
0.2013901227937442,-0.2112399558831011,4.032571395425362,13.403441308530487,57.66332591921353,56.40948996349987,1.35472
-0.2051555945585048,-0.4957969843746925,3.0910729423119148,10.739288151733112,57.19088426198127,81.5948275382183,1.32103
-0.2970477492370966,-0.1516029651991135,3.819552524848886,12.515883414484138,54.128376684949096,64.4374642276918,1.33738
-0.6514828041480878,0.927050550878527,3.322436539646757,12.192346665643292,52.321170665137146,80.73021345495053,1.34023
-0.5748832786002878,0.2145968262090611,3.797960316074116,13.82757599235594,48.72491936675023,56.56708442717628,1.34317
-0.7570305130874677,0.5115863235940139,4.176451534368017,12.439510414823186,55.45302655020426,81.72773741371826,1.32275
0.3504853838069186,0.6839039511951117,4.267500302927785,12.805975696651764,43.58535571657077,57.281812160390885,1.39588
-0.0875579345595646,0.8865444897672978,3.241928770957888,10.034313384382116,53.8862062259943,72.61440201863604,1.36427
-0.951389871558689,-0.7166867453236407,3.0091854461873178,10.534008795028772,42.08115093098535,78.87352921684327,1.30512
-0.4325870640296178,-0.704035959336552,3.396670925394836,13.746106149816072,40.62659329349047,69.44278564592649,1.33167
0.0469668625822528,-0.9417047184446498,2.963526826970582,11.310872577152102,55.095126824372464,63.21474105374895,1.33368
0.4061361228742248,0.8595073051590651,3.4348958751294134,13.384715123859392,45.25234645343624,55.57888859700648,1.40096
0.4888368714885984,0.4641775059411046,3.429435504174476,9.964812751300215,49.48584942992984,69.35303912850833,1.38499
-0.7159130206227866,-0.2247103616518362,4.165556332034902,13.02131615280339,51.60843387065945,66.87607047968541,1.32106
-0.8483854384426373,-0.796083571621349,3.1340355907697264,12.476456140760442,44.59572999903381,81.94477559877465,1.30317
0.3960571973977784,0.94528878475991,2.880193856382686,9.955323382475736,43.49742270408309,67.15098535122551,1.39913
0.0959835957037325,-0.1474078108314593,2.8639961788812296,12.044065350336616,53.37463623106873,69.0126704670827,1.35111
0.2153265184175912,0.3132312430501682,3.8983758537756903,12.505647462381626,44.903567623599024,82.98468423777715,1.36771
0.1999026646423669,-0.0805699248016426,3.8826740306698295,10.077316237558335,56.94007621648667,76.38442187020061,1.34887
0.9054729763675124,-0.9862119356701672,4.119936820179515,13.96275185804642,42.5307775651865,71.94454416456949,1.37506
-0.5336373926713702,-0.589273415177813,4.112694554222108,11.360704874444728,40.42750477828498,61.863850795139285,1.33503
-0.6149312985043325,0.8517032702610041,3.89267898155994,12.99276504231351,46.16629467902257,76.18740537239498,1.34955
0.6542490312058069,0.3354578170591769,3.2025111850641648,10.669004326903591,49.35448696934502,81.43149487832596,1.38301
0.4169516959337895,-0.8778396976141889,4.071477407385064,11.82816285579125,46.73726599237746,67.55044486148172,1.35656
-0.3118842332457205,0.0401893537720887,4.147529523134477,12.27741609168312,55.24215867679702,76.35435267084672,1.3336
-0.1622398089734545,-0.1073082713002188,3.1374110402265503,12.525257242165594,48.59386188587008,67.9130019764072,1.34794
-0.5660464744074394,0.5589936814229297,4.1011146238898935,14.802254995003606,51.44954170890969,81.16481550315157,1.3359
-0.2213010112676163,-0.851312410372095,2.971112513503496,14.496460776053562,56.19966040944267,84.81935210159443,1.31121
0.1785514661746245,-0.2972088068994292,3.768963315878486,14.251959102061113,46.95526971516036,62.673480533134544,1.36151
-0.8034500207275826,-0.8579993522715611,4.132960218837627,14.71075773279915,54.35320939504443,65.06872492304906,1.30108
0.3911276577829281,0.7412756127654847,3.230632997126364,13.886247172987373,46.581808912431335,75.68036216646321,1.38559
-0.0979825865001486,0.8495086532016354,3.5522370743218685,13.301881308458746,52.73377862360604,57.63723029302415,1.37176
0.5470765094475845,-0.0950679830077685,3.489558618163799,10.058351307951105,59.41469733881655,68.77320860259486,1.36308
0.1636272904501345,0.9550051851033464,3.9042644488785374,12.26888001388738,46.01297783843799,64.82670373542254,1.38853
0.2358547777033117,0.4262344223329379,3.887721483343777,13.351579391201984,44.77915343700973,68.0944894176661,1.3793
-0.3523495867080567,-0.501660104366319,4.046597623857684,14.11760688179637,55.62273459789989,84.13591173763716,1.31476
0.2341519079756906,-0.9360752477794108,3.4620538704262933,13.909504725828452,52.541911199724254,56.16550083776584,1.34633
0.195980972225193,0.0024256715184975,3.927599645243141,14.790334793951637,41.598406139771335,81.36157567334772,1.36384
0.534546038246807,-0.636269326123013,3.988069443542972,14.338613196859836,42.72162874559613,78.4587642884419,1.3638
0.9453645531923058,0.8176159919127226,3.480558061118449,12.659548849394806,42.148915048317946,71.08155984050299,1.41649
0.4016806592518831,-0.6428733349835272,3.319421917828365,11.034093282036718,58.78576484243007,76.83285553451603,1.34223
-0.462177878995716,-0.8631387827388234,3.499929177892774,12.414044663528763,47.93697785819113,76.9121415063785,1.3174
-0.955939379121648,0.0303855362015936,3.757339240386581,13.154096393529295,54.07805628343623,71.69756599266535,1.31176
-0.1974493296045347,-0.0431246686601675,4.096595072349978,10.998375353049074,46.98729702896124,82.76386579337151,1.34204
0.3310179067428775,-0.6336048834837575,3.2957657610617264,11.173986449107502,52.61315346707794,73.11896777775266,1.34954
0.8247891520784976,-0.209499725002519,3.1695667181627982,12.876926480047237,55.78143479707956,78.17607548799563,1.37008
-0.3451546233040355,-0.8255663528615695,4.27282925065712,14.4787982295978,45.842176799520814,72.99091685927505,1.32563
-0.6774977587818105,0.5906383800997508,3.372168071960127,11.28458888868638,50.84143230627621,73.974343138461,1.33755
0.1693168374412184,0.6628743763005176,3.752087828463611,13.509857778293249,43.107535718201376,75.27882706181639,1.37973
-0.2538932521698479,0.402837350257623,3.675677871842285,10.981997919888345,47.26398175775491,84.85886959350074,1.34927
0.3944872280216873,0.9989602877920968,4.125073006877515,10.467517650035187,50.34189862086801,76.44645451204221,1.38767
-0.3246840472091299,-0.783250764827754,4.026825091541571,12.153205304785317,54.8503767446384,76.64461578568715,1.31563
0.0185907538424028,-0.0383441904867242,3.907422438728801,14.901032764483038,53.45790611063113,84.2223149470264,1.34139
-0.6817363512892187,-0.5343576981648472,4.181806495710337,11.63628731537553,52.880000310260144,69.84192571343914,1.31312
-0.8240253196213315,-0.822856015927,3.736688682878429,10.112978078832134,50.19250850157605,79.6671399987317,1.29926
0.8199427423197854,0.3168188557436444,3.587301824627979,13.250711489748438,41.46789340378725,71.04562211870314,1.40146
-0.7654135616058277,0.4169434377566303,4.2553428591900575,13.857578175558013,40.70314088353918,77.22999911193808,1.33807
0.2794143080080182,0.864497706506127,4.075465535149229,14.070567485833472,45.805708984856864,62.19799844735801,1.39233
0.0663735920938235,-0.9941004290381912,3.2705180512290344,12.198734174441244,59.36158898926275,80.62625638414002,1.31816
0.3471973123705585,0.1367988418078769,3.4583406522187774,13.708179651524866,45.015494565757535,69.0480806267361,1.3763
0.7551013843035064,-0.7760367713480544,3.225044355093075,10.61813952411726,43.337047255271024,59.71239497783419,1.37997
0.4108546451883816,0.4293386456939174,4.259848452567178,12.952280083347894,53.914802408493216,58.40105467897989,1.38074
-0.5310007955395089,-0.3767819274216388,4.174052532455401,12.486826967806444,44.8592129655752,71.5259518387762,1.33023
0.7278883146904518,0.828000742760554,3.175503692425528,10.761405934387126,49.4635180735548,67.59967239805397,1.40321
0.9140136896465204,0.5378423572708022,3.2627289685181413,12.61538279273092,58.69614622473229,75.57012406156718,1.38799
0.4440003006722042,-0.7382615928173006,3.0976059714781288,14.568837698916196,45.52349986340487,58.885155188876425,1.3658
-0.0642264264842479,0.2299783821176344,2.8865123980173206,10.478506958365571,51.42190655203328,70.98547609269819,1.35525
0.3441508950830578,0.178806280053833,3.6300548400843895,13.592262424297209,53.29473885535249,70.10810535092342,1.36754
-0.4608970031434889,-0.6641604476703641,3.231283178522094,10.448617016906248,55.01416397580782,67.50033442187666,1.31789
-0.0423983000572706,-0.4628109261163287,3.902530397486189,10.188285785062638,49.78604800876028,71.61969301920004,1.34232
0.4527806883028609,0.0668578983702603,3.85026933696202,14.18947643143743,58.28269098681758,72.5881016200614,1.36148
-0.5474517995399582,0.1830862759524536,3.609398506341978,11.224315654641437,49.28543377224341,59.73647363656589,1.34286
-0.4073907873564498,0.710832503496172,4.2806892532715,10.300091961236888,52.29536637914596,82.253652745838,1.34449
0.9468321104452172,-0.2808813681194715,4.18012557317235,12.205144451225404,42.38534784360827,73.83392168358407,1.39152
-0.1130393996013929,-0.6835159927407362,4.1357854076711,14.840073773828532,46.25560944971725,58.72058178662672,1.34438
0.1108727440779548,-0.8907895237946598,3.271224538667516,14.07949353575574,50.89487223536667,75.9781738169227,1.33468
-0.6623464726508573,-0.1327450347927702,3.2896038471946785,14.907348409212496,47.55498176354894,68.19367734267168,1.32882
0.1469944551425743,-0.1201581886796924,4.204751405862936,12.904102487173713,58.99737231410904,72.52667812354989,1.34504
-0.784988270298306,-0.3747343176646672,3.0216237737502154,11.554470235885416,49.98930609355139,82.2832639488002,1.3085
-0.2239488205951385,-0.3228612412138765,3.077157906609882,14.591540717088566,55.67928204794433,71.02423116997811,1.33176
-0.8298280840464295,-0.3929825060797532,4.017535662690703,12.27853368332824,46.84557456697927,82.58226313714009,1.31002
-0.3622942633206498,0.5188431485099334,4.127938016828846,12.574508729404076,43.12859610253266,80.93713831615395,1.35204
0.9967472337294284,-0.4085608039809534,4.197110621983276,14.720310551964616,47.44462732039964,81.05087994421378,1.38066
-0.9288743052069176,-0.3492047678963719,3.716610577303362,14.146588407737138,41.85793382549539,67.64020918454172,1.31973
-0.0608420670953653,-0.8051164032516216,2.868726779682479,14.022594085444345,55.96180606181149,74.23763138082012,1.32451
0.0376386337015088,-0.2438679212376133,2.968386477535271,11.918846033875724,46.05099635588312,75.05150530916174,1.35158
0.3384162321612833,0.546140829159532,2.9465890453884565,14.32862571587808,46.97564289235135,84.33432558866116,1.37404
-0.8908254437750589,0.8956887296038032,3.6037464446976073,10.995843416461126,53.49811639152033,65.115921221958,1.33772
0.2633626877959876,-0.0118914707289469,3.117871201227993,14.737328612532444,53.06539258095194,70.67653147790305,1.35988
0.610122470365716,0.9285768874070156,3.2269603834748315,13.818613369761522,41.89714644485474,66.43979465268679,1.40846
-0.4569213034285837,-0.7296952803705385,4.220087996906186,12.644142934554369,59.38880281937625,80.99378663636361,1.30351
-0.2524104007292326,0.177334403055227,3.9987527547566497,12.757539071933724,40.88431009904252,64.70706053543108,1.36017
0.0077133954398795,0.753048277086825,3.2976705392698293,14.42248717349834,55.89038718162783,71.37607115202617,1.36248
-0.2371792518373431,-0.2725454667712274,3.6108339827592286,13.046377566558045,54.77707532048516,79.15496287093221,1.32812
0.4954566438681103,-0.6463694553721744,3.662645861141836,10.523859123187334,55.90621815635503,67.69471763005208,1.35422
0.5373342918565749,0.9935207651699502,3.976082013589085,13.265639636790963,49.644968725244965,60.18564590531541,1.40209
0.2939477777656463,0.6873036444723548,3.905807669275709,14.626505977642076,52.63782470485721,73.23140758172593,1.3755
0.7136341222280973,-0.3060350118427347,3.5398063146685046,14.53003902591373,50.766832363038674,55.10099025726529,1.38139
-0.1086081340636569,0.0649223398953009,3.07888866594378,12.82296148672198,55.57325967733076,61.72157707245474,1.34903
0.1010918789624992,0.2991509705806843,4.274876632502576,11.974065051762784,42.37324364898864,84.28308750120905,1.36422
0.7877634772588431,-0.9974647618495736,4.1349890586038445,13.830186751067874,49.8669974409674,66.57656519010115,1.36498
-0.6050681562859751,-0.4345610164657377,3.1597240193108584,11.109428733664355,41.32327707935517,67.03098614124724,1.33158
0.1016661888372447,0.6245451956599046,3.7308308576625726,11.40067395080289,59.52790966619085,68.55888021318526,1.36261
0.8873500101104597,0.8847107395099243,3.4984453824795168,13.100724270201212,50.3765606666796,84.38218927213128,1.39923
-0.3976879160103401,-0.6921988361636895,3.803328403321812,14.22540446171799,56.543266904841424,70.92570376576327,1.31494
-0.7606160335595187,-0.0722420794510358,3.43330362854722,13.903887966668576,40.27415825359167,83.21263092604998,1.32511
-0.448361711333761,0.7434811467814559,2.93629071418969,12.665801258986397,56.49883323100147,81.85082575767927,1.33845
-0.1939598761911333,-0.6669344678046012,3.746160859152125,13.262809165364327,43.96880586305512,73.48662999119281,1.33694
0.0002502860928623,-0.3342180992038533,4.091974814632572,12.753286837890478,40.313926527181245,80.42310527017378,1.35101
-0.985046547061596,0.3192031196309073,3.03572283266187,12.500948840779612,43.36404466345954,58.019705004171634,1.3351
0.4349475879586169,-0.9404330262095904,2.9783929938261755,11.570865847572332,49.73629305251236,75.33149846659589,1.34906
-0.6846542915872966,-0.4889107951075775,3.822732933011125,12.261844191706746,49.612567657797285,73.59979277175864,1.31551
0.7504458491161721,0.3705192966900883,4.008792648124095,13.538045613665409,46.10278360248986,71.33389108156122,1.3954
0.026484676585154,-0.0268311871508041,3.4236779217775557,13.514610328453802,49.962208182268895,75.39805692883382,1.35209
0.5597263089754425,0.242616383284778,4.126252170990387,10.411331010339977,51.94693130189674,65.01595291123587,1.38241
0.3249039928739146,0.1511536459232623,3.3626270933072315,10.561939810414698,49.25614596533218,60.963420341234176,1.37635
0.7491694127559283,0.9521215604211964,3.485192387832349,11.77666065470852,50.82563027961087,68.94093318524779,1.40388
-0.8857303022092884,0.0348030276838455,3.3437694586140125,11.926648537758114,43.72214902267408,78.81485869050498,1.32261
0.1169252502778854,0.4411438515558137,3.376820078376054,11.298201863981436,43.93740656287605,76.040876533151,1.37208
0.5435663122127203,0.1198036869512801,2.9016244996495697,13.432967638433292,50.91970394218113,60.36452952183363,1.3818
0.6633436482205597,-0.1160094369270525,3.795043738108029,10.10643642680466,42.30917681907606,81.52904316284042,1.37962
0.7052243307287644,0.0200441936758557,3.183634518895902,10.023465069131705,59.328691528228006,59.38283113218676,1.37634
0.9551196988619176,-0.5215259383100377,3.657600875694856,14.863360556455484,46.47172071336084,79.18509315740363,1.3786
-0.5513342186430421,0.5800146900277063,3.508786353107299,10.471389018002723,59.55322259846649,61.21089229306077,1.3382
-0.2690956681810239,0.4090924561423359,3.332048822493295,10.262455593592616,44.33586874481868,66.1522370160047,1.36093
-0.7328828398318076,-0.5935749022608234,4.1314631079511805,11.290756079783913,54.55562980541886,58.77393021868093,1.31361
0.2102588288719569,0.3434233595799574,2.974183543186668,10.858316696166408,45.51649661781215,81.30409797767867,1.36895
-0.5839509581958735,-0.9003527578585082,3.749925897345277,14.149301151267064,42.89564909648056,57.67610211626718,1.32624
0.487019710198209,-0.5698743420916715,2.907579911722184,10.394102055322778,53.34857989288383,76.58227513772688,1.35524
0.8220229109096926,0.6137387961797987,4.082962680472763,13.95707501705853,59.26931896372423,80.0973537569142,1.3823
-0.6008851063024783,-0.6518860681510731,3.034412567878461,14.133609846966593,41.35269576889928,74.80100773655838,1.32279
-0.5200327402940372,-0.5319228343092608,3.084606608893066,14.756617209087402,56.8675277833587,62.07936333876797,1.31773
0.3153975242382458,0.1877203490869639,3.119179647582877,10.43956506178281,45.37136483472629,69.43916419752061,1.37621
-0.0051227489008245,-0.0306329206582798,3.944829880902037,11.743534992393434,42.64512770716823,55.1618580165088,1.36882
-0.0178874180521017,-0.4142837928128092,4.0306408224870935,14.311636476675616,48.36363443610611,84.79518405986846,1.33746
0.2396100931245457,0.2822800805376531,4.278688044095305,10.489947823036994,57.45834788152197,79.39642422868857,1.3561
0.7080841924071646,0.6895145981261761,3.2212835076121955,12.362155832091911,51.39286358194816,74.54177987836415,1.39309
0.0280197651699141,-0.727781975914803,3.442976366526711,10.486877855378008,40.34056720924496,73.24901525072028,1.34822
0.6734172131045046,-0.7445769252993569,3.829421700358996,11.765913611010154,50.42511268564317,63.71206912332279,1.36754
-0.4822379736105379,-0.8756000961845927,4.173051900237,10.789703322017576,53.31440121418567,78.2642738782216,1.30799
-0.8534536925848981,-0.4279527689509741,4.237188524593883,13.766796043857404,52.20208795731787,83.91609613104443,1.30036
-0.7098955433637137,0.5304777053867078,2.9200544282542777,13.034529620312966,53.762470012881366,74.9358621472796,1.33095
-0.9052033765616893,-0.0786149710413228,3.4423236163950657,12.636531212206243,57.36104718437978,82.14412600480492,1.30125
-0.0055922800128214,0.0822045529593107,3.6064101982739154,12.39209029786469,58.46774131751364,66.28540665156619,1.34767
-0.0140622106878125,-0.4457472447250217,3.2852351237581368,12.110371013126793,41.06707884310744,82.41363834285742,1.34604
0.7728461474992352,0.5351327634724463,3.490530287621833,14.163420514905953,47.05141865639801,82.46101881229424,1.3916
-0.883813170213095,0.2478936949450811,3.7475429359613193,11.71333055603844,51.27307936351876,72.71401392004479,1.32198
0.2264466289150186,-0.4979739899099724,3.004535142119809,11.221822009509172,48.69648896509129,60.93588734118474,1.35918
-0.2583563562723054,-0.2600080973789178,3.874371087187881,11.681519857026728,55.93210639763199,84.02420358074163,1.32364
0.9322346679024788,0.0122684028441288,3.382259852808509,11.44973087270727,50.99015072916863,70.5767579116075,1.39023
0.8828183503940739,-0.2759044595080718,3.20296719532151,13.942949796263736,47.29389221272726,74.05129914975907,1.38335
-0.5179030799615585,0.211474441943555,3.298369654047925,13.440914303955324,48.575466234331415,61.59276409270697,1.34432
0.5462350799333031,-0.2024405546238779,3.2605628852275785,11.603595578931944,47.97523351274041,74.11035105015029,1.3717
-0.6898969851913592,-0.2343972111706382,3.682425206033837,10.24034766782078,42.20223082964936,61.151994210237895,1.3354
-0.8424784833402655,-0.1016004444115006,3.0250997635213834,13.641287901920872,57.03529662961997,80.53538444303915,1.30473
-0.6577544486700909,-0.4436889324946114,3.6990294487646977,13.446013195153576,59.74425794318113,72.18591269783963,1.3056
-0.9618373804754248,0.4066736833136803,3.141945453068411,13.570747172058912,42.98965437072448,83.7806513319679,1.32482
-0.4459442084142826,0.5031971968759663,2.9522293692715453,10.235624730323623,47.520688317518655,56.315884410398105,1.35765
-0.6280043526060282,-0.5468660044868916,3.5790318028164,13.05077485159014,41.50644309000312,58.45523563426524,1.33251
-0.9908481466169544,-0.134620615849489,4.095342275634713,11.344722861788457,52.80184020246968,82.71404602941703,1.3025
0.1300091411260187,-0.5060681584751023,3.862559450752454,10.808105067306268,42.93604753260321,65.18156645106701,1.35869
0.8936403898090539,0.6995418119541268,3.509190567993599,12.067743348330552,49.58534269277081,55.752324815182575,1.41201
-0.9971784437008848,-0.3320555149929873,3.354131828154184,13.138250302018092,40.241206061037616,74.5193943361105,1.31551
-0.6087574073897404,-0.1011939789885706,4.283025490293792,13.15104306459142,41.762749969835625,80.0693970338958,1.33066
-0.6935216640289932,0.5859333495367975,2.912531545453347,10.758593921451896,55.00695603549149,78.32120104021317,1.33004
0.5802151975588115,-0.612611347538284,2.987934273309313,12.7415642203926,50.06911192432817,61.4142269086586,1.36922
0.3299158771928601,-0.9650243491745996,3.9369925421685408,13.474157350681084,56.13583404070019,55.42170784332633,1.34602
0.7035757565610743,-0.5964218203954723,3.4457735998323327,11.546198812262208,50.86024893059512,80.86925945438813,1.36228
-0.1955696783704789,0.6074606193689285,3.755445480934956,10.163325791874607,43.47150927244804,72.81149638385862,1.36518
-0.1289531594679062,-0.1638266080190427,4.139041057342399,10.129731299580572,57.99601532074707,70.0640769372406,1.33638
-0.7141028053146758,-0.242384894175302,3.9856555064431536,12.886629519067927,47.49799569672695,57.82198115529295,1.3301
-0.5156975696287714,0.3044461901440027,4.028436064674693,11.041752835834233,57.57468326592718,61.316000745673925,1.33649
-0.7696627643549918,0.332974122023757,3.5016732383744262,13.934659299578689,43.069728981993045,64.213007602569,1.34103
0.9599720142223582,0.6239988205420011,3.1706781643412856,12.033592620233833,57.537645831537176,60.11507062547047,1.40128
-0.3291195403487271,0.9714149355019676,2.9507620677250994,11.014478563466312,58.095846448728224,55.13465447373175,1.35974
0.0632148956337168,-0.9158527978357348,3.5823418061746453,11.122281678938,45.92532113202478,69.88741320718115,1.34175
0.7660673044827653,-0.9048216128061528,3.1105785823597327,14.055417953112013,40.19497896202905,70.40525956479593,1.37419
0.7296795217451593,0.9827962357734792,3.314240634433101,13.197109489258349,41.62510572823404,80.24268936720361,1.40694
0.179652835349299,0.0476631962492435,4.013176136023235,11.125569996984291,41.45118933499808,65.53987067435436,1.3739
0.0836946984126316,0.3829687778263662,3.0978718457557366,12.771414805147794,57.60030140097571,84.06417437278859,1.34864
-0.9309112909707556,0.2247746786817903,3.6770846379193207,10.202705198646797,53.9943303207134,62.58369631138638,1.32197
0.8338608874280138,0.8632016306570518,3.2451730197337207,14.407460124401988,51.05569950725683,72.2721583403021,1.40279
-0.8582495012195438,-0.0420270023659842,3.067699223613793,13.4890251004059,49.08960372515598,81.46176794650015,1.31455
-0.8389648801967826,0.7610477202903818,3.852498599034771,10.248374176036416,54.965832416346615,58.35255180078828,1.33836
-0.3376305117299457,0.496718698299446,3.2174766979643485,13.52845686533411,54.25171228269999,62.82159941518864,1.35032
-0.262523194024767,0.355371403368423,4.160372126339562,11.168823948934934,49.813813508149344,68.73836959510388,1.35279
-0.4752537456129303,0.6297618122258981,3.804533302685072,12.024770882050213,54.32644098244538,62.42320344831352,1.3479
0.968477417699844,0.8060080702424539,4.00290751194744,14.344588914480354,50.515817796084605,68.57003866645361,1.40964
-0.2338579329398197,-0.991223388959472,3.3031433005348374,11.792775051095004,48.3357426050789,84.18022786975126,1.31771
0.6913591222372011,0.6084669950403474,4.239392340964615,10.82485360010036,57.57265841589462,74.3721577004902,1.38297
0.8818713020636726,-0.2658583243841458,3.058336639111728,10.403602826826106,47.81225537718189,80.45450239186236,1.38006
-0.6960814121779324,-0.1614358467348806,3.9653828224608914,14.820814835516714,56.005832261341965,64.51807247141693,1.31891
0.2655389935627688,-0.3502429720793796,3.367947670582717,12.31845325685476,52.65504197410223,78.00669428128947,1.34988
-0.8752045461894219,0.130050460752287,2.895997236856531,14.315512516463086,51.592186039665485,67.77650487363394,1.32174
0.0816078476706119,-0.4924058421122609,3.899519517757296,11.163592504369412,57.911233888672776,66.2344805792909,1.34004
0.6698256865529264,-0.6876415608614961,3.392178305593477,13.30974272615487,51.38118708118642,55.35579309401711,1.37071
0.1309029459039192,-0.4378731757316342,3.1920176831810583,14.787165658144724,49.1055546837741,66.90455734339041,1.35203
-0.3022198669352227,0.9600111665163412,4.102365118847578,12.984703701105872,57.71566544743905,77.14334854350926,1.35008
-0.2183740368035266,-0.1427174056269703,3.647610463756383,10.89499966944849,41.696771809247466,83.1675974454583,1.34443
0.2478498709141872,-0.819129446757046,4.247012640577785,13.86567102185095,50.44362922790425,77.01402082137145,1.34178
-0.7879261303757699,-0.4666011015561099,3.5804196273479323,12.046840977793522,46.214311238051565,57.44072887302606,1.32363
0.6461801325340202,0.1550235423013326,3.93345097703173,11.590549077210644,47.20467474512954,67.11076892591353,1.38743
0.5015690265252919,-0.0323847006429179,4.193822321966074,11.145445162265704,45.28922354818541,74.2912988970548,1.37624
-0.5795962122977284,-0.511066332642222,3.311642298608789,11.465530229178318,48.478881959469845,71.87313877197796,1.32159
-0.8112224558833978,-0.7106708208028558,3.3259030371874267,14.447146516848612,48.00932541945989,55.81708431154505,1.31568
0.3351272079845568,-0.183097953317348,4.154241345957454,11.019690635771012,50.36276787874532,60.05246888271182,1.36867
0.8990704861716532,0.1336293282634435,3.0397209894220234,14.21071736510927,44.92522721648143,68.84260818365041,1.39823
0.7984298412689852,0.5216633148929706,3.865709872290614,12.336138236311916,45.48404444867669,57.68043350605921,1.40824
-0.4362866838495821,-0.8271907175189738,3.996933590085918,10.747234263130572,47.4364815117362,82.51783698576128,1.31562
0.268417682863221,0.469325819610408,3.1762931827772243,13.686638773876156,42.44053769336298,82.32698588743585,1.37543
-0.2025555389317269,-0.1397240328890761,3.990479565781348,13.568863503177711,46.79474735727554,78.69951337274176,1.34157
-0.8347701584964695,0.6388420841462426,3.1738732519216746,13.72297813309196,49.00615522573282,81.96806113512025,1.32939
0.6690548342616849,-0.3799472694705172,3.371150613137432,13.836395005469306,40.39699233980203,76.72072496164182,1.37966
-0.1597355250677674,-0.3962087441950042,3.0130108817630057,10.577910686764712,48.8470803439731,79.60120415488845,1.33582
0.359084682835932,0.7290752283551567,3.5043565362952567,11.177914597584824,47.08598236845677,55.44794862726137,1.39461
-0.1511281823564317,0.3652400409852119,2.905956461883761,11.73167821926924,41.15040224040631,82.73519916315861,1.35824
0.6951786966825244,0.1005923819612157,3.615990091358713,13.634245797291335,46.54205421764168,60.44018528092018,1.39187
0.3980502760383524,0.5147742688716257,2.9307905905780878,12.14314548655048,47.39222694704953,69.81875071861857,1.38405
0.3607927754408195,0.6199101317678395,3.977944305668176,11.658356285293024,41.301936014950925,78.10671042366413,1.3864
0.0494239132601272,-0.758383534308131,4.17783352953105,12.922638116135415,41.67586334162585,62.49633812852283,1.35261
-0.1735495292436278,0.679817479771492,3.4796968448044163,14.125959482587838,44.71663138971164,83.75500534474484,1.35939
0.5153106572940183,-0.4721812583853065,4.108877139562939,13.738559005207,41.5642318301765,64.34945608060262,1.37631
-0.9476442566493056,0.9672764167579642,3.9834423260085687,12.226205150388084,48.904166788813896,67.80371962559292,1.34078
-0.3819374049981691,-0.263185268504912,4.228159965308608,11.143107968300264,40.42055912479879,78.94317257866648,1.33894
-0.4729796749516428,0.8344007042965389,4.099246782687496,13.624572555591872,59.14998255577149,56.65540390914408,1.34919
0.5040898037436652,0.6727678542471358,3.7412850337613768,14.767943929690825,47.1218030016958,66.4448553975769,1.39318
0.7806937624794403,0.2063246381197503,3.9565484518286658,10.064396789653635,54.67253630202413,71.19553614689235,1.38391
0.5705806972407188,0.7946468847879673,3.431164454854875,11.3204234232522,58.02078711203798,77.1868462989352,1.38043
-0.11539216184807,0.4767274921954409,3.625437128580222,12.891743937185456,46.482842480808216,58.56516637660606,1.36979
0.1573336925146786,-0.3676044181307677,3.5539048182112376,10.047160893635088,47.029186035604965,76.22142215259518,1.35252
-0.977208772588418,0.2379786056808455,3.6289935610627526,10.071194168443707,59.83990736823464,71.13834092035528,1.31041
0.3415156085341597,0.1957447726593462,3.390340410835265,12.720918115735422,45.969820600144224,61.90899067086115,1.38019
0.0192186468758357,-0.6625774370880632,3.720541083011449,11.627416021233705,45.549794885039,55.61975182385458,1.35262
0.1818986508125297,0.0961052254210421,3.7147374196998495,14.64719206489944,53.72221136151478,62.35711009132781,1.36261
0.0873650715002796,-0.9442770898668706,3.614505148696886,10.36626690291492,58.916126094846135,62.96520344960523,1.33082
-0.7436078040508559,0.5481936192876853,3.713039047608908,13.289438271231155,56.79085414661958,55.93203513239267,1.33543
0.6063321286490122,0.9376684021051394,3.210649702481089,12.092881511950376,46.67680521650095,77.63984630693994,1.39784
-0.2728935687347008,-0.247609669354234,3.915760983702605,13.456762354296114,43.73729767274008,57.13119735587784,1.35083
-0.4861400761022153,-0.3037452391631076,3.3852970688602237,14.003015172477106,44.19031695013517,77.4875088962277,1.33025
0.0970537006487046,-0.747760219501721,2.9390429737596357,14.697763584739825,44.042407865133725,75.46440029668318,1.34471
-0.2121081419509174,0.6808714525489541,3.1611071447048333,12.531791897150676,46.81102797604068,81.83297401788997,1.35762
-0.2993683366801488,0.7846928750345075,3.019615915032306,11.521550093544906,49.36375230741464,69.71433366707197,1.36017
0.1074287561480689,0.8027737036242275,3.83543312081941,12.724851820965966,59.80512134808106,72.33270347181045,1.36292
0.0522058663646254,-0.2233071647766799,3.278038179604553,10.79816608105934,42.22158740310097,70.16283728864535,1.35997
-0.3398813624054377,-0.4052515933274512,3.3608044627271205,13.59984025856019,49.51517502703631,59.83367315107033,1.338
-0.9190904897305326,0.5942927857994977,3.448394811584657,12.175856483092886,53.64551012986343,60.26344919328067,1.33151
-0.1398382397482235,-0.741529099666236,3.538270236122194,13.583995269548057,51.52723758347858,83.25583748904783,1.32348
-0.478354861550998,-0.1112475011341515,2.876617916217425,10.545092927737157,48.06121186073273,60.42075352228504,1.34047
0.0611110272955763,-0.6248972336746221,3.8718856187452833,10.283891437271034,54.307064889331016,58.87920130301142,1.34442
-0.0584440957733616,0.9755483273611514,3.42274340986788,12.471075997103648,41.536935830689806,65.50567886001772,1.38421
-0.774174050206523,0.8999397765052808,3.146459097832342,14.577061142725364,57.06489998461337,65.98834978790973,1.33765
-0.2395946003916569,-0.6089095361549063,3.2086661487386223,12.870570243249135,53.531272763650506,67.44854045465243,1.32905
0.8910984613510191,0.41953798011208,3.895057436733124,11.72497621637187,58.301156091238425,61.389521344657055,1.39267
0.9518927760544128,-0.5458737359803398,4.0576500221178495,11.047426054270865,41.74242142774008,63.38327885607657,1.39217
0.5273512804455163,-0.5581474760777215,4.043913901011588,12.687729192491762,46.52988675867566,73.62374243741515,1.36463
-0.2914868369298017,-0.3531450406756298,2.956599706149455,12.935773773883737,56.40920223321369,74.16744543591014,1.32523
-0.2155998702274828,-0.416493799696676,3.720222859391301,14.848264294851097,41.37170590455215,62.63514519945421,1.34875
0.1218467531507656,0.7471498220774668,3.760764792968679,11.097665760914532,50.94988427946198,84.55689737134624,1.36583
-0.3915208450430126,0.6322975813332192,4.231413332312925,14.352846710689512,58.77061160782517,77.530383057971,1.33745
0.0781046527252604,-0.909920331877713,3.6936953544497646,10.597923238974882,58.17957736690778,74.46850485332394,1.32568
0.908107410381833,0.3934513439096365,3.992196085324296,14.485689156942442,42.33106185339568,59.78923469900815,1.41089
0.4100385086082012,0.2933372635255633,3.562949940785877,13.028360588994602,54.08425312700111,82.94920996758118,1.36438
0.021621402011015,-0.2956361606598487,2.9598714901159817,11.924430027597444,52.39870479494299,79.04572004490663,1.34095
0.2521735608332072,0.9893107540688728,3.753600248647958,14.360205758007876,58.22795053873941,63.9616043676565,1.37789
0.2873896608422717,0.7672251703056905,3.7703142723407375,14.832424970037124,55.75639090458289,83.61185303207598,1.36666
-0.1712628068093341,-0.9222016895226534,3.9427314241970497,12.516575942413503,54.82374425379251,65.85390286096955,1.32461
-0.2482059808252976,0.9902874966648948,3.701636088120552,13.22261683457836,42.8691624654281,56.53970070775276,1.38011
0.5660494991132097,-0.7931110166264076,2.902856610491898,11.559245240482468,40.87269215143654,72.13905747945375,1.36766
-0.780593650178717,0.7814844811524422,3.5833384830416013,12.447443814871963,48.09640034581437,55.52254233401144,1.34966
0.6487509761122816,0.2594370265037578,3.54773331152843,11.502271781131302,42.029800699914055,82.83982275601963,1.38663
0.8734515863670249,-0.7555424714784192,3.1489655630261093,14.295614687848992,51.317522839710016,64.18371803405739,1.37285
-0.4990343263539588,0.5265127834812029,3.695248592635808,10.148696175020014,41.956647221220166,58.06596841208464,1.361
0.8281704521780149,0.9627306801195864,3.4829097010288805,10.861847372365617,53.00817849385852,84.47826881735557,1.39621
0.2029872192776547,0.1987174194136787,3.846199050067094,10.50631687356242,41.92194034683638,75.03331321507153,1.37187
0.675105081410877,-0.5245673626889225,3.849795638312176,14.608489343538215,57.95913816566626,70.7394400197519,1.35902
0.5332829810876478,-0.6593494765531396,3.888610041319877,10.954549894803815,45.76084229719535,75.72365565945327,1.36257
-0.573112536885533,-0.04716173303151,3.759995493459475,12.242867261376285,53.13943949497749,56.46273234413342,1.33387
-0.9151540741327968,-0.973541668706605,3.0640763093246406,13.205187336555596,48.63426391938964,72.40407569552264,1.29777
0.4993723600718009,0.0483790323301158,3.952090020192834,12.2156671720816,58.721108772262575,79.92222422086722,1.3588
-0.5448068792873417,0.8559662297562121,3.524831226143968,11.42540821512121,45.65978786708967,78.51037170027674,1.35159
0.4738900417472778,-0.3856237825689287,3.779388740822299,10.09198795330401,49.22739113123268,56.226399361841366,1.3726
0.5898537773792496,0.6015223397782385,4.212793840021432,11.272011986679482,46.37871609205661,76.60686775630822,1.39062
-0.6687140994796085,0.4846899075231037,4.16241680789737,12.309731808411062,48.803559465931095,61.356576477837,1.34416
-0.3087251206081361,0.8346696322511897,2.9761769858317915,10.867879763288544,44.061185753587786,84.68559949506887,1.35865
0.8656511272943088,-0.0542188800031903,3.799976935561905,11.068122431581743,48.44144604037685,81.76919975015853,1.38234
0.642204956162594,0.0065156800383443,3.8084768908793007,14.468290206980727,49.532247071924616,74.3366626331393,1.37679
0.7466408861434497,0.720484743645913,3.3490434719635616,10.158453693339968,51.30255790505807,59.09107510592589,1.40401
0.1052338016135077,-0.8468430622686988,3.066593395256056,12.917886659583507,44.56098687025908,69.58659939613904,1.34624
0.4469483677048624,0.5323986904792197,3.700371224555126,11.420023225750022,44.12355941919537,71.88571401149204,1.38898
0.4968653648004675,-0.6891166980762063,4.207835714836675,12.565436823089044,40.08779052396094,69.29431193061302,1.36955
-0.9538283840504632,-0.7866854272103485,3.12289898048092,10.447208525336922,59.58352371932887,67.25728307531777,1.29002
-0.8626231990711968,-0.7808316769074033,4.2360187875259045,13.7737999357757,45.38886349454975,65.30200906168625,1.31059
0.7615305329761839,-0.9837395410293164,4.186426610898696,10.694824390474755,52.113242763599416,70.81101524697021,1.36037
-0.3319491152396367,0.5243323041283052,3.1645073726891564,12.996461109694854,44.66320263663736,68.28275832065425,1.35935
0.1232285465703124,0.4908719244516821,3.195476170661348,13.084674940596642,58.12716216882436,69.1046119210028,1.36015
0.0550727777295785,0.978131087922946,3.273978270666422,14.538691867131536,47.74443077328479,60.73763050987753,1.38412
-0.5687492109195087,-0.1796988277800145,3.5296420611314803,14.806739051621394,52.71644720945349,56.74073318609455,1.33108
-0.2588816214047615,-0.0532997132800646,3.674679980043293,10.899830062219763,54.47178863058731,60.669998418815965,1.34261
0.2270594747847438,-0.926571267509134,2.986079973165972,10.21162723874356,58.13916570370417,77.26315227018048,1.32995
-0.0342003161675308,-0.8349190649547839,3.7862765744359255,13.502177997354558,50.781705779130064,69.75851241428296,1.33417
-0.0904862177016,-0.4527201210509571,4.19086780522699,13.679180833916902,54.8605584719551,68.32998184799398,1.33574
-0.6434755978029949,0.9494631862624,3.6355814592984808,11.874044945942511,58.39106815970685,66.11722380858575,1.34138
-0.1481370383174546,0.8122009577950109,3.6877485234617136,12.428882118818034,56.83239189033235,81.01936082290038,1.35161
-0.2933659052794269,0.7790770664125166,3.400126570059874,13.977272251033868,41.14496412731096,61.94503565505748,1.37258
-0.8094892519963377,-0.5999292474563365,3.336180761284741,14.02942939751698,53.57534889636944,79.52947733299627,1.29988
-0.5066802458062762,-0.1143057224472595,3.2070904448039905,11.577703626988333,46.072421999058186,84.26165080443766,1.32865
0.3033446620258189,-0.9020093562530186,3.103999425408159,14.747314538516328,46.619393856727015,84.56962682059029,1.34162
0.6969578899919537,-0.6145076257831781,3.8319859604102655,11.47045791923652,57.35584566200763,77.64379671747287,1.35545
-0.4646446314775225,0.0797335551547107,3.1439979422172533,10.53565041968249,40.06144645981225,82.11916606220402,1.34131
-0.7483984331765158,-0.5613453564901167,3.7885423227899775,13.935435532812534,47.24683102210388,79.74490758163799,1.31007
-0.7210179872759193,0.4223806153153904,3.075926490161015,10.60752137199712,47.81594886882091,78.22371360722032,1.33391
-0.1373379848472975,-0.5844401860352019,3.650349703477566,12.339344556219634,42.45690707275868,65.65293486248461,1.34675
-0.9596810820108312,0.4720223031516715,3.7424444037402953,11.478384322133014,45.32665738217981,79.41752714452993,1.32687
0.1920391823697465,0.7497606016026039,3.215329391896463,10.306039300733705,40.5047919373958,66.73952964548087,1.39012
-0.6079474385659884,-0.5749782972580013,3.8017238443804136,13.480770099538034,54.01180121372839,56.275888630318136,1.31961
0.8073743023036213,0.1633877154303586,3.299950047792643,13.969029513651083,51.90046913804608,77.87962716628263,1.38243
0.656164822561838,0.8726233087787645,3.575910444024547,14.675583021524693,51.819086418111375,56.63713274250351,1.40294
-0.5044911116666917,0.7328652573802787,2.941103117970855,14.083429965219633,53.15561627878053,83.09992519774192,1.33887
0.6339322620982604,0.801837567076662,4.26538774768511,11.215952249022896,51.9939731034174,58.15564572454792,1.40025
-0.0685676321117745,0.3275123417120413,3.840860586966664,10.556573489081078,52.41165322361775,63.90720912969725,1.35926
-0.7926772136552922,-0.8850741960166113,3.4138260636293487,13.895012734697543,44.94914506492911,75.66993537398704,1.30572
0.8429424909729613,-0.0652452563540103,4.211293329246447,13.674843122011886,44.53107968793568,64.13969111425791,1.39457
-0.649110955213957,-0.4773835035252602,3.487055763737779,14.653394037831472,53.93981017316448,66.06062717710786,1.31538
0.783145859244889,0.1116415390549987,3.041893995226619,12.134881761642678,52.91477863252364,73.0607184211085,1.38243
0.0732949058657583,-0.1715835684328505,3.426659879730871,13.880646505842684,40.806878443405736,61.03570686844308,1.36711
-0.1065770303995112,-0.7985109220007045,3.2392249851726,10.226123221169258,48.262453294743736,62.85367488664154,1.3391
0.6640183412325857,-0.1879191943113355,3.5677048770426447,10.42595895802882,54.21176322166757,78.64548593952611,1.36686
0.1373935375982313,-0.6709948148548669,2.9546180345148394,13.087967971836772,51.14277231911881,70.46856130577868,1.34353
-0.7011193766782357,0.8437387392450353,3.030254665862521,11.238442324540069,52.9393144928876,62.01402847261807,1.34714
-0.6606706956271614,-0.5417478682705732,3.5274537730196265,12.38305156882338,57.88461579015763,56.12905983100792,1.31398
-0.7057170753976058,-0.0887791064073872,3.8262853252298648,13.379599111708885,55.25943667899956,84.97676397891668,1.30963
-0.1840534124550431,-0.6189385218948248,4.263722281673198,12.316118904873887,48.04427473919203,78.98646669038517,1.33056
0.4297740919737145,0.3449971227920341,3.62138522047956,14.861181183145597,59.49008089367585,65.78922602040957,1.36845
-0.2244598989451549,-0.4804854212690158,3.733041275088597,11.135156275052733,52.02053755231352,55.006239780813445,1.34022
-0.9418186272908734,0.432051010577166,3.4514432541412345,12.149293841382612,56.69653042915928,70.48006260420766,1.31855
-0.3466682300646115,0.6690911340374761,3.3756533465682885,10.838466568861564,59.92067197586189,75.09618109542296,1.34054
-0.0943772606061428,0.1930109174631251,2.9725167863206385,11.650944251940656,58.187031531060285,69.17709958751682,1.34593
-0.3930054224438307,0.235224494574421,4.089575290094134,14.099471305704649,57.77525322342089,55.30080272084711,1.34078
0.1856206723260072,0.2033748875545562,2.893706191634416,11.614642136819189,57.24006472765777,77.34028238586956,1.3534
-0.7531949150966014,-0.92863568102579,3.4957855517474603,13.8727020272934,55.79396374447629,58.11474396512758,1.30343
-0.749986300651537,0.4572935857599454,3.696487916274981,13.469408485389126,50.6847232170596,77.96213391987956,1.32951
0.5543492613483725,0.541785942476205,3.669775070730133,10.309382817558134,41.182919764032526,58.54221726822411,1.40297
0.9669316259334456,0.5656026082848473,3.783954271679532,12.493754739624183,50.55127910993052,66.38600804369592,1.40569
0.2307457592638551,-0.5088696126687481,3.67168331553038,12.326237286264517,41.0126136147934,73.67631595175118,1.35955
-0.0504549157742852,0.138861071560981,3.4664596980985234,12.010535429483262,47.18820755779653,84.09767334819207,1.35019
0.79039197909922,0.2623245975104062,3.465063316766005,13.167864229950458,58.42449060112217,83.01913964280429,1.37341
-0.0529007109179133,0.4695165698072638,3.83847984117,14.180930529071022,59.3477630353301,60.23633802245335,1.35508
-0.8273731438831896,0.7259211893446544,4.157634138620796,11.388339277977687,56.04190027919832,64.60708599157789,1.33339
-0.0766965434363159,0.9591581713304675,3.02324417785377,14.00861322382358,50.17628746856202,76.02597289298308,1.36792
0.0444764532177934,0.1690337301478817,3.1073624817899947,12.787361578536805,54.14706681759226,74.13677791975829,1.35225
-0.964377424723882,-0.7404566623725667,3.859074311123909,11.0296919673027,55.14726469037765,78.36249576274393,1.29033
-0.9010835339524584,0.7168897173612672,4.035223306428662,14.157696880484064,51.68011635385734,57.16990923958004,1.33869
0.0881537268858638,0.8462842564692965,4.208629828048112,12.895373997795698,41.02871743692337,66.61925376606541,1.38839
0.8977286225834875,-0.8744160481604244,3.6428770614499504,10.012658370053762,53.01542548843512,60.13589149162242,1.37252
0.7922166123594845,-0.5527140669695745,3.182191567301055,11.380619463082793,42.00296526619483,83.98525835170332,1.37398
0.4411087336093955,0.8581665968561178,3.837319763244791,13.24518946585143,55.98325795347325,76.0842157287243,1.37965
0.2699222740879012,0.1677598483836115,3.342883550883721,11.11492260955083,41.21363579730296,57.96334002866794,1.38414
0.3627069618245719,-0.3630188845479466,3.3166625454738785,14.694551626780974,44.13791144762262,80.64465433940659,1.36084
-0.7838788096524227,0.2756081343776007,4.059389772321274,10.49778862817795,47.77427493683874,61.960850776434015,1.3366
-0.7400196850826857,0.8214076059755229,3.3502993078027723,14.73074039894664,46.28083118741336,79.11380483405983,1.34145
-0.0698077249050661,-0.3419672396405957,3.520068764964161,14.663690914204953,59.88451250746466,73.03228622149459,1.33019
0.00404652360468,0.7731477291204514,3.4927923046600258,10.552389289391613,42.55632969889992,59.30716409276578,1.3846
-0.1118478540769299,0.2562543980728351,3.1532481980618225,11.487500277460224,43.899495327909015,65.88609664053321,1.36404
-0.372784423439902,-0.8704244446384827,3.2227458360641217,12.388930661992609,45.57504557165534,63.51946650373068,1.32878
0.5712866826458876,0.0289979267324937,3.084157499352428,12.967477211015929,59.23414226006804,62.944836620710696,1.36947
0.4270943077496525,0.435259630145995,3.597524674313051,10.0049632357226,50.22700447269217,78.73674429099674,1.37551
-0.9096344362019596,-0.5268859552475538,3.1267585858754776,12.536136496329314,48.753948554932606,57.0390340831785,1.3145
0.4703267553966921,-0.2398364009943715,3.633346551605817,13.21023670461907,52.158472648509175,59.624424801697664,1.37022
-0.2847101011149056,0.2174519528874672,3.890261018393992,10.29333917833693,52.835525094216415,72.47567488579243,1.34413
0.941768978022396,-0.8436643735580953,4.26244204721307,14.729148174755364,44.85180618064361,56.08746074041599,1.38496
0.9934759247365595,0.1533871197128287,3.4024169246737013,11.769454130957264,42.96462329587453,75.21105276433863,1.40136
0.5115344417709973,0.9097371880584944,2.910602082544948,11.748734187241311,42.26532799768778,65.62313547668026,1.40454
-0.3191698461355841,-0.6021200418788912,2.873078089131264,10.74443313582436,51.15862184147652,70.02287089408193,1.32813
-0.0617141886480033,0.7182797271559642,3.000811201436898,14.782346982580435,43.82731707384873,68.9758388189065,1.3737
0.3008447452440148,0.7343441079610213,3.67880003583039,14.50642580791934,41.25040014244847,61.71396782606261,1.39483
0.5929637434108457,0.6555588581073484,3.5446314420781917,12.62858777122342,40.60050108324649,61.8189685686663,1.40581
0.4816545967601384,-0.4592138412033335,2.860154194737562,13.847340151702031,44.10385472605051,68.51925188361989,1.36988
0.8048490144660787,0.6932525963541281,3.181440050355997,10.69299784864436,42.69438165706243,79.83714522248462,1.40302
-0.2787594517005768,0.0507833041928238,2.995153531007618,12.813012028079738,49.17772550275819,80.70202653517764,1.33898
0.5738946851724409,-0.5569684836508828,2.916032454701189,10.002173280530336,43.40699889828642,68.03732453325374,1.37348
-0.8199859936734724,0.366056256676704,3.056894233849788,12.416971174088218,41.98336692228082,71.28778495346819,1.33778
0.9016715307268012,-0.8184232355285703,4.061796264896129,11.980800965550976,56.29966609484673,63.6080060097698,1.36769
0.9890854452277732,0.6034285535137625,3.91304345343552,10.82671256549516,42.48363657268232,57.38301896711504,1.4206
0.2234963300531558,0.2673077304343827,4.038693954043448,10.369453639215564,51.03850778916868,76.52230928636901,1.36421
-0.868994505299595,-0.4494047735821559,2.8770859444255663,10.649210475811945,42.66988362322935,57.326517377083256,1.3245
-0.9376969877269884,-0.7685051911179152,3.370068841343765,12.247678831719927,55.358445119644216,64.39473085122053,1.29755
0.7768917364773034,0.1438112748096849,3.598712662746812,11.395126704551911,53.55382756682847,84.95184974437825,1.37572
0.1534733359130877,0.7770521928408505,3.1223978665956333,12.73069804478983,43.176647925959614,60.34426860185531,1.3892
-0.1876162553238902,0.1319670074924459,3.594416496891557,10.845064567787166,47.89435803597233,73.9580371437801,1.35009
-0.3254519368107869,0.6113686595907146,3.359979555230906,10.70160007473824,49.56565370720882,59.91266397757887,1.36188
-0.0202065375245015,0.4940585227717824,4.223599539851454,13.27413986190574,48.69328926697048,79.44198457493356,1.36032
0.1903140959673497,-0.8328453152708897,3.2564309291697904,14.513755457614502,58.844684344058855,79.27633738207518,1.32714
0.604868562537495,0.3599160995511996,4.199002815492039,9.99479741439708,51.85969593221686,84.48387862683862,1.37602
-0.6924701887029221,0.940062403655792,4.218437379466836,11.785969713186544,41.797045378099575,74.75914101873556,1.35302
0.1883862202773927,0.5128710379984691,4.032691581680261,11.564254861840952,43.060519811551785,60.03176100757081,1.38546
-0.0098632926379733,-0.513299497303956,3.0428563269367244,10.94754644087121,57.4342212795455,70.62674290586892,1.33361
-0.9924468196245322,-0.1589293484910365,2.9673899714363365,12.083981873741884,45.60030988106421,70.33173955292833,1.31617
-0.4051408042427221,-0.0242474799181178,3.3091265437541133,11.805665831149852,53.08690680753392,56.35594216754108,1.3411
0.0363637369871556,-0.1384611779223085,3.96228444012927,11.995517069840597,44.72636739055382,75.90951669573417,1.35497
0.1495247354832707,-0.956193223951044,3.834154363074749,12.836466621128311,47.33567047324704,78.56250259368878,1.33777
0.6869195930120051,0.3396078893425396,3.0467370279620627,13.795120987934297,58.494636608041134,73.45098815260192,1.37636
0.3107036119045514,-0.2990325411265513,3.61837993341588,11.260467402037328,45.82793579669743,84.66313439052466,1.35667
-0.5607248299834571,0.290812358453336,4.084378571390923,14.502835822972616,50.09300445516323,64.66471388960805,1.34077
0.2891339418278338,0.6645665260725211,4.005392943825841,10.515119830376756,44.40962597058507,83.34023726617278,1.37885
0.6533069569228982,-0.405343109557182,3.947642987649513,12.435497618621604,49.79413432878801,55.25980707640445,1.37843
-0.6728928074114768,0.0631690800493123,3.495565856911168,10.847811467580618,43.017890335663736,67.3538605735476,1.33833
-0.9410136923537769,-0.2673192788786752,3.39795613330317,13.214550720248749,48.64875180676292,62.771481525327,1.31676
-0.5417012195973618,0.916755918826798,3.855400738953748,13.318840989213662,51.1154005045895,82.62599152187057,1.34443
-0.3886740504682582,-0.7325904257625815,3.58676012313392,11.857384013464056,55.36734101902538,72.06828345909067,1.31563
0.219188888224358,-0.4670092351835937,2.8946854786163465,13.25409102031465,41.39757207851771,82.16905089720012,1.35457
-0.6237724008851235,-0.7216828969611473,3.11291503479612,14.910253575371758,54.03850451878684,73.86649736046805,1.30687
-0.2469368985926071,-0.8112276849525479,2.920929201817617,11.644590816458123,48.169924453969,77.58667389565223,1.3252
0.6153340420371702,0.4508507890835054,3.737647160070568,10.96850800708706,51.515267594516914,57.870460425268696,1.39248
-0.3705617505582174,-0.2870533431844482,3.76503931341732,13.984648810034784,40.00416049707847,69.61788222175225,1.3432
0.0300659507347187,0.8792805912473525,4.087044605137276,10.62820917978084,55.59593034481524,55.78157368967663,1.3751
0.008633155915666,0.7019233031905228,3.9235582513883656,10.784523873778944,54.49118057763109,70.14608897038181,1.36504
0.7176156648485683,-0.8001406704603098,3.411511591823224,14.68999289094378,52.22026413277981,73.55172571495987,1.35993
-0.1705515367045413,-0.0212212675328762,2.984177374440362,9.9834371451883,55.222323190075485,62.52880732807799,1.34541
-0.4692113545765,-0.2695279974188685,3.5329857748216478,13.119095709044512,48.154980527682405,82.38307524805245,1.32493
-0.6769606069956633,0.7552901675549148,3.1995150737970945,11.151708929833507,44.62183340007819,63.76241408335962,1.3533
0.1664901797855373,0.2837584321915118,3.5341808323415616,11.339177806108314,56.63352128305863,79.87872305525804,1.35387
-0.1836584113430235,0.9808111081732902,3.470375994952479,11.43143040630608,52.86770918807296,67.86245938351838,1.3662
-0.7033441127243081,-0.961799511141262,3.061797496228518,12.257401837230926,43.26379853619794,71.81115039489657,1.3119
0.7008152387351152,-0.1702271604913882,3.712186040477242,12.05793961011708,43.23104708794482,74.42652188767214,1.38257
-0.1257605272383051,-0.3155170190560934,3.4403910712511805,11.71747302037386,59.44387537846455,79.29719940856484,1.32633
-0.3862306030064399,0.3082708103447995,3.473734138892107,14.367543150608569,43.21531928301813,78.910497878347,1.34726
-0.5099211080704886,0.3873268260540796,3.691156683417137,12.605372394747448,58.6695478549167,71.74041729956016,1.33107
0.5075280729220109,-0.0589493607733123,2.923881334238093,11.40390657592686,55.32248421917439,57.48093087742943,1.37414
0.8788883472509321,-0.3183724432445043,2.983093658513075,14.852353975451669,50.62481411569232,69.96459731988239,1.38081
0.1261189850569231,-0.6077223771147078,3.129748604582187,12.291884170319214,59.01890215827986,58.23604632041964,1.3406
0.5146637136320886,-0.3292437265420617,3.68470995264696,14.17887385777837,56.47304178602505,59.872582988809256,1.3641
-0.5578682243227494,0.0889131946102257,2.960747405202351,10.638405900672534,40.53046823995973,60.86687570974395,1.34897
0.9708606265274098,-0.1064995914574523,4.271438815978957,10.086601914117889,52.77046821939964,77.95982524437996,1.38292
-0.2427650263690955,0.7738963358468214,2.857393716465209,12.18846242936764,54.440866775104425,68.41644382410402,1.35735
0.9215483872690922,0.5754907297074443,3.928653333095064,12.12789900489725,48.39270564573635,76.84733768785614,1.40092
-0.7452960280289072,-0.1178596178405447,3.0277953359016783,11.911857084657209,56.5184746169745,76.9416704385707,1.31084
0.595002672074304,-0.6184914436281911,4.146656030777559,11.822968505934742,44.825192853927774,59.5674817499423,1.3753
-0.9812416306103594,0.2266875775753916,3.38010096633311,10.913354194118842,51.92331649064001,80.14932000428891,1.31299
0.9808869647288696,0.2982624676775747,4.120437567194104,12.087490443894076,53.19858908445623,59.6420729414729,1.40067
-0.7081822412100542,0.9068780807590164,3.1254201792996703,11.207323759099983,57.10447111988846,71.2155792757961,1.33741
0.8604858445046801,0.1072085949095629,2.859048522982359,10.434482095979078,48.796606140012926,72.77262509375053,1.39079
0.2579436305127198,-0.3703410402293066,3.2284829729554394,13.534655219835065,55.814852766053264,64.74631381218413,1.35316
-0.2414946354969789,0.3204347608984843,3.878763584528942,12.16574977064693,42.61818346891731,74.7144676361515,1.35667
0.982442182848049,-0.4129078808530315,4.251866732315785,11.696824363886686,55.86072131428405,55.66545641645055,1.38377
-0.4284627698446827,0.1203584936784216,3.115048266160317,10.73021002109107,53.21024946769398,81.27591858587391,1.33081
0.3811054631035961,-0.932694501624888,4.2138617061919605,10.19924681550256,59.65965130650392,81.09383224393642,1.33157
0.4609465973854973,-0.6963586476642827,2.929865320721943,13.89834807122638,57.406089889449056,59.475870616985056,1.35324
0.8895587816353585,-0.4861862912753059,3.45387376740415,11.489745870324514,43.5448564875329,73.88179645195981,1.38495
0.1622382359796159,-0.0162379462356162,3.2636232978143718,11.088861263724889,53.678579566104624,83.84528718631014,1.34888
-0.5881994306547487,0.6475949579600415,3.193810263732336,14.348860922073634,52.789096808086896,73.28587850838352,1.33995
-0.9831876966155376,-0.2172054413627369,3.2515769896787554,11.332789610781864,56.12780252835225,68.62891257212834,1.30453
-0.5407199764338995,0.5543544395107165,4.05074632848895,11.096116634100772,47.601551034546816,77.28809016722099,1.34404
-0.85238407285693,-0.0615836179872912,3.773367912818239,11.669448447478327,56.068180930958086,63.27106387411167,1.31607
0.4768119857131516,-0.0369966273558279,2.9987733460255184,14.523752412202978,48.90840976420172,64.46028939234753,1.37622
0.5852224837976838,-0.470111541096946,4.149632934751152,10.325954675583354,57.51352754608735,58.83798082494631,1.36401
-0.2873955829273947,0.3758868827068899,2.991852142183899,14.87727631891666,58.86002344266375,64.04842648756022,1.3425
0.5762206315616483,-0.5506948667636182,3.7740166370224193,14.283956084987691,50.12357610750337,71.57501319631677,1.36351
0.5551910762265413,0.8139555541937313,3.139167196238253,12.36742201442298,51.5666305395767,62.12071495738934,1.39577
0.2558031841824848,0.2230292125524366,3.960245591959752,12.955230381636389,58.57073876589318,63.28130104717965,1.36181
0.7634838208605423,0.3762717149356611,3.07414435056075,13.061258881638782,49.13232788162668,83.677582743561,1.38651
0.58750366799126,0.6444476477512022,4.155160073745017,14.21777092211149,56.650730833581314,57.41544410551203,1.38914
-0.1556907054659728,0.7962074854673362,3.2500674402867493,11.533082230336436,53.73836108281998,82.86690029050695,1.35409
0.618455305734247,-0.1252634754439145,3.3168258569616627,14.810875721588832,44.98898631359764,63.52039083389677,1.38385
0.5628936092963195,-0.4991746238007337,2.989453656420205,11.59777665651437,41.72668306004376,61.52300551126943,1.37874
0.3829052106386257,-0.1968394784856867,2.8860085347325666,13.004628096392478,47.376015848889615,83.49352337637465,1.35981
0.7857106786166834,0.0720734312529853,3.7758754583895273,11.193601992206416,59.04921282276596,74.02023831630939,1.3739
-0.2817786615651781,-0.9580980139007388,4.00206924368067,14.0480806489486,48.51710735195141,78.53197533494821,1.31918
0.8765048277656071,-0.4579379745946714,3.386036706750779,12.4524370537614,59.629291311709366,70.25122732862064,1.36725
0.4582488697807676,0.9468564151436742,3.896219228465674,10.681745990904997,56.235401414727306,63.157744636806704,1.38891
0.5403625075382046,-0.1568319340410255,3.727313075573541,14.167446760581072,58.62666557311906,81.91175272415632,1.35497
-0.4235533797806425,0.7627740213413579,4.112499987071308,11.055465961199047,42.756545922741104,58.49093628287723,1.36792
0.8409139491344744,0.461875927313327,3.950427604369626,13.165636207766669,52.506907692508776,83.0634235073549,1.38676
-0.8443343663609961,0.5691726412973543,3.710002905339696,11.525199391272128,59.96179709184416,79.2194452194086,1.31647
-0.0382636064403155,0.5825588908192363,3.993462556341012,12.372857802039308,51.89040573340363,58.1809239137668,1.36912
-0.4256082045967957,-0.7137933403941923,4.107118867553329,13.329094375634211,40.72855413506591,69.95981750064766,1.33169
0.6790897636131727,0.3226971146225441,3.5899797126889674,13.0990206463186,57.27777121452085,72.87341920902969,1.37713
-0.6171604236446331,-0.3219819291527453,2.943330905694576,11.200226491376418,54.92858215857561,60.88952731124187,1.3224
-0.1526373579732585,-0.1980333110414427,4.251529128574266,10.769640726433945,54.59700869573112,64.84480836221482,1.34128
-0.0227723779434615,0.6413992950337637,3.054896666099517,9.9866939175985,53.84662336694319,84.72540869254851,1.35475
0.2428615508320719,-0.7601472913869802,3.78952465007284,11.885078990027043,51.19167258779815,81.32541838147179,1.33962
-0.1338970267608736,-0.3103115963317493,2.926952945308066,12.865176946572236,44.34950928675024,65.82760019563283,1.35033
-0.4885401972757148,-0.0487160093590923,3.2535486070020183,11.811912845773453,40.35549061399607,61.76135783914343,1.34771
0.4665815088321352,-0.9658254361907872,3.9540313465744177,10.357133262445094,51.76557020597347,64.11636130082663,1.35298
0.5815527261980722,-0.5168879094770878,3.258886439123619,10.626296770100591,46.42315046011673,66.69951416175705,1.37195
-0.7383252110961127,0.1034512284334649,3.5561767774459403,12.115688519016276,41.629354080036734,56.49572390898667,1.34266
-0.6207735850850784,0.8814839056995969,2.925780901039786,11.836408170275975,44.50517491572498,77.4638121306371,1.35052
-0.0003848104164332,-0.9872395307696188,3.051871293700299,12.287503850770964,47.63045998316499,57.25893887083122,1.34152
-0.7180977344376411,0.5004319171861169,3.623616687479026,11.965737768269598,55.49558841008259,84.89419327422172,1.32206
-0.967985274354337,0.5063444953936034,3.2443224442225245,11.95349271102812,45.99967065503296,80.4992852839568,1.32554
0.7157418873496886,0.9055872792872516,3.1909879848979683,14.893298467369595,44.24443422316683,72.7471125280124,1.40602
0.3139048710286267,0.4533599434044226,4.081823133592968,13.408600864130989,40.23838663844171,77.42545497126133,1.38184
0.816349263314651,-0.6282161988013213,3.0120335834656817,12.966696174520685,45.073787420537855,76.78754526517231,1.3742
-0.5130460352136563,-0.1753273572795377,3.656250049200259,11.991243850907402,44.311031231076335,71.78890827830793,1.33576
0.1554247309144734,-0.5197615706605007,3.9549494938435914,14.405464572242646,57.65263467768952,62.71523483036796,1.34325
-0.7651829986755976,-0.2564868007773568,3.930319427284848,14.68116900343592,47.470200657939785,60.79784461848534,1.32599
-0.0301489318039738,-0.1295433385245491,3.2190509427544725,14.04016466619358,58.651814232169,83.47818263715435,1.33184
-0.1330970655208544,0.0875563998985,3.453263637615103,14.2876895272872,55.14288062056019,73.17936308278841,1.34284
-0.4509490687901889,-0.8880889204825502,4.0685066054901,11.256191866718051,41.86820156693378,71.511620391771,1.32563
-0.5994456366529439,-0.3087678804269114,2.865643858233044,11.303219731546802,45.7075520829011,67.62932285184118,1.33045
0.2979783902052233,0.3983158637864441,3.3039536032603283,12.655174702990037,54.73290638315146,56.93440762565645,1.37473
0.6391397150130369,-0.5717249277080896,3.1497275616922686,10.221457550683446,43.8629809498937,76.27655153775493,1.3703
0.5241690542685669,-0.5637417524028883,3.6667388798398575,14.268944949518708,53.47407607402906,83.28481789359986,1.35083
-0.6538738790245879,-0.4198898764391972,3.996403550948062,10.707980348252756,56.44297236296602,72.93856380637814,1.31191
-0.4711974304881418,-0.8806912836859888,3.0999226428271625,13.053237568928814,51.73461829366382,79.00731351119475,1.30988
-0.1801615866941481,-0.4852553405785745,4.115664222628752,12.45987353979708,56.60431769687032,57.74293751552493,1.33451
-0.8063514184978233,-0.6307940854909606,3.8779124802323928,12.46344928741685,45.64519951696337,65.7120142603129,1.31587
0.929021907642526,-0.5295948508970421,4.139924862006923,12.015946671180942,58.4298191632611,81.61768428138718,1.36271
-0.3057242096551927,0.4503884660736499,3.3936277855400427,13.459203714583316,59.49827404934223,57.7900949811775,1.34611
0.4637380640761233,0.5951904512423254,2.9358987324363777,11.896179682852296,50.48786775220411,82.04841274225143,1.37808
0.4850886093032009,0.9349295013152474,3.868601569858413,11.24693756990557,56.96935517624893,83.52234261221139,1.37921
-0.7263255989613575,0.4437652215867576,3.90995619008634,10.098143815433126,54.572034509680776,79.49519006091677,1.32518
-0.5640096900074634,0.5566331362287218,3.2684757631951307,14.43274044449094,54.389768012958015,56.9017057853883,1.34499
-0.2067693934276674,-0.7657543495383048,3.2765398759107915,10.254224908203248,45.3463638184108,72.29986781691272,1.33385
0.3557269663428075,0.6562462947416303,3.1636224344351254,14.384961827203856,52.44780253643435,77.73441707308567,1.37465
0.2920600271495615,0.0699143801446799,3.885189883127308,11.79625548993176,55.17952048480824,58.389028780335536,1.36693
0.7119230690863154,0.2080629199057213,4.04872263930806,14.710098741604064,54.523424705509726,70.28146885450003,1.38055
-0.4316200118855959,0.5881013938809703,3.4759390209598973,11.81392393696302,44.69327824294756,69.53215785604962,1.35577
0.9904490387556756,-0.3984568655771403,2.8900960065663552,11.677250918531575,46.32013173282492,71.67058111178619,1.38768
0.8317793815108736,-0.3913665511335363,3.8281805808939344,12.221258884226248,51.2447152346362,77.82478104800146,1.37306
-0.025972568379824,0.4111617245464032,4.160173936385792,13.780919597412746,55.6887001044811,73.43831736484228,1.35316
0.8354555309266574,-0.313982499243463,2.993248139358843,12.103410289338663,58.80055824314205,56.96341389859976,1.37595
0.3210147138929864,-0.423721152425775,3.8174142301014498,12.6977358391999,40.97753634379468,55.97114585856946,1.37373
-0.8217108993284187,-0.230359414831384,3.2831546602258093,10.984878228346789,57.15662554520354,59.406114365567376,1.31412
0.432222811566695,0.6514983451620364,3.565559500116863,12.77668291244854,58.55662982743299,64.54667457030185,1.37718
0.6452306461988644,0.075701298026525,2.882395348922867,14.275607807247363,48.31514094212952,78.04624826274747,1.37814
0.4490449583285012,0.2443262487056459,3.157975384102265,10.975031642115212,59.77120029344788,65.24427507692378,1.36776
-0.4976728306213005,0.9178057427285936,4.248010606631823,11.412385372136274,49.66078069569212,70.87430249350645,1.35522
-0.1218700651370966,-0.4015320177748052,3.639449439655375,14.228083232698754,42.17215084674096,83.59212047526105,1.34079
-0.6300333300050407,-0.3836510035714177,4.024581465412098,14.554912621897415,54.16820788884482,74.90019182393218,1.31327
0.4051634149905838,-0.7347361022926323,3.0328371484594614,12.630791935782447,58.36431558893637,75.48423623217616,1.34098
0.6113324505406406,0.8257701985996073,3.663443844333215,12.583580838563794,55.39880458644623,57.55509888054108,1.39545
0.6598579054060227,-0.9359016348070546,3.3552606725793725,11.514713635449532,57.94606079820177,64.03493692952327,1.35356
0.7522243404326916,-0.085478138274666,3.50629889676582,14.261851933423843,50.13706730926809,66.51986787415412,1.38278
-0.7914037444306148,-0.9093088078623556,3.818949789376084,13.997499494338864,55.4295919313374,81.13063713802528,1.29103
-0.5243876742462913,-0.190981494294259,3.550714773334229,14.873039345669454,55.28564362396186,84.63912882674106,1.31451
-0.3418457441548234,0.5601787107673366,3.0153612999034936,10.3865381162266,45.694923964892986,72.22499135451157,1.35701
-0.8162523147295486,-0.1657581252586367,3.981839806749474,14.772718276650163,45.1122230127124,80.58735465807341,1.31753
0.6280262773588012,-0.2063007960618446,4.256716506971549,13.374245137736134,48.98569051824569,82.64000122875382,1.36834
-0.483008417259346,-0.8940734610259693,3.6042942893868313,11.440407974783446,43.33083925629239,63.1763733602526,1.32706
-0.2767975101635759,-0.9533104781568942,4.123592699714765,10.570057500416404,59.610954368266654,62.88271348236421,1.31527
-0.4428777390724915,0.3519476499758456,3.601594330146461,13.620084714808218,56.28136426565111,80.19593545866336,1.33152
-0.5037560351002727,-0.896983630330674,4.226350813786244,13.33607093693893,52.96867453690728,70.37380892571207,1.31151
-0.5899637178822406,0.0168835920189414,4.006017244056009,10.315891241929007,54.62371746503944,56.77174367377058,1.33324
-0.6357565988380136,-0.84879024570832,3.3286442840251844,14.29958199708494,59.18414460867038,73.33380768833976,1.29742
0.1388006026972372,-0.8148041452747246,3.845582528878983,14.323226574526103,50.31753629340151,60.52705547946025,1.34635
0.3873888168747652,-0.3413179769053384,3.2805440061807274,10.34884915251727,52.37283180077771,65.58870391062632,1.36225
-0.2289847723286928,-0.6801879222820058,3.095195156133048,12.814861518502852,40.1632543529292,60.61658496494909,1.34511
-0.4911341840908663,-0.2906899840167942,2.965286753014293,12.398456928152136,46.35970257547352,76.31505277732569,1.32947
0.3745340113230475,0.9252867233926828,3.357193627271005,14.138105525466331,53.43161183688592,64.586937297333,1.38771
-0.1448116849426751,0.8753394984721858,3.32690601142013,13.394295802998023,57.83192436512368,79.91004708547817,1.35259
0.2754199895092608,-0.355098359227605,3.707730305921048,11.663722178069172,56.16635057743108,77.71990513189608,1.34631
-0.1244413032300215,-0.865249720982485,3.560663801631252,10.40109294413357,44.43160354476903,82.00064801589357,1.33049
0.0140117108822448,0.8211436254662547,3.2367495229973136,10.878477922157945,47.96032591788834,78.14798558278488,1.37049
0.5986389985654672,0.0383569036881199,3.726057110938882,10.942265176854855,43.86734363615094,60.80624610389465,1.3902
-0.2693533773275777,0.7897501785885568,3.780828672487943,13.12080755933631,43.97368005129362,83.70520372507447,1.35942
-0.3678891390425323,0.4284630544465997,3.233120235545196,12.405470930429884,42.77431155207708,57.93482568588268,1.36218
-0.9744056000565038,-0.0012761448292171,4.052752908578665,10.930814030452566,52.0472837833045,70.78916693950197,1.31381
-0.39493146169597,0.8707769984557532,4.015097030694332,10.513234759544796,59.077235003346615,67.22625914429327,1.34847
0.5304751522616371,-0.7722180185698917,3.7224301358317473,13.65233503394237,44.47179404172048,61.26216712010063,1.36827
0.9227255097298191,0.4819793418325309,3.006556508659256,12.927312351719774,43.76178870606369,75.626898419921,1.40406
-0.8736651121262935,0.8671899885778831,3.1864191914206823,10.041037247663438,55.04103944855096,61.47747318957299,1.33774
-0.8143151007675472,-0.3446974687753298,3.536625103679568,11.07742413545995,49.04600845146537,66.26010264305853,1.31807
0.688460063671857,-0.8540322748888113,4.183341631695556,13.350701660396073,57.20111773911243,62.21869606044999,1.35789
-0.9445134929195624,0.1252198613841015,3.0270737286318496,13.610461940874345,57.070965834986,61.661676037895134,1.31514
0.7210540248411497,0.091037857870255,3.3779391664728413,11.269660347595307,54.95837515945201,58.61432650872131,1.38427
-0.8803270051415255,-0.6564766471875414,3.0928269288854944,12.672255890975247,42.92389112643551,60.6988826778044,1.31775
0.0703055832751933,-0.6407028153716674,3.6887664135747458,10.45694380869519,54.21850301514498,81.672217293172,1.33208
0.4540087263560606,-0.4263127579892185,2.980468322435349,14.531584168293056,50.47739875486096,80.00762439332297,1.35656
0.919922507332279,-0.947009438426166,3.44657782437707,13.292485368062176,42.416483419745546,69.2356103221207,1.37802
-0.9209462058922416,-0.0761300284155174,3.419378529247742,14.603228500826958,49.72769192915342,76.404702052006,1.3128
0.2808841725308457,0.2735509927813044,3.973966903033635,12.559660759993534,50.02343943734086,65.94494342752012,1.37281
0.4216068479002228,-0.1850616490943031,3.004439976532296,13.018974168172887,40.79831279969965,63.67744848984975,1.37905
0.2186435410708378,-0.3730348810149394,3.324152693628718,12.83267169995625,43.4592009743079,72.65474828683459,1.36034
0.5220382756971638,0.7984732972109074,3.9464348838880623,10.726194776367258,46.597231271776245,62.28745753048577,1.40018
-0.4392826842548397,0.1066159663417671,4.222745347229468,13.667661006463492,56.90183307278624,81.69633822325633,1.32472
0.2117280141145452,0.4006623562899818,3.427872590681788,12.852314103279474,44.21800990076329,76.68825008455345,1.37365
-0.9352404253483269,-0.3279513797795298,4.1043057224797685,11.759390119386186,45.124229469474486,62.47822605992919,1.31964
-0.4126743913759729,0.2190421411970471,3.088971213241771,11.456687756545165,50.24303569049271,68.37950284774693,1.34401
-0.0825281157931886,0.2694371465688683,4.1169649207728405,10.66352865830123,46.874826467994005,59.13938091940764,1.36602
0.2840184545012314,-0.97890847892779,3.3525261205810244,12.681052648882355,40.692950678776285,59.9401088156037,1.35909
0.3073742030334812,-0.7035715163379745,3.966577533221157,14.239372480074188,59.30187966891947,79.56076621942205,1.33381
-0.6663549385581111,-0.4360534964407543,2.9038758798364617,12.942446144297406,52.25887256934047,63.7526919107985,1.31928
0.3523021426792732,0.2499155498009919,4.022406240328015,14.62372157127076,51.08030067899202,58.26480530391206,1.37763
0.1434759539821248,0.3895497311427633,3.7623725798300263,13.281423622567155,54.76710706798754,55.07879639408648,1.36958
-0.593002269579069,-0.4415191842802681,4.270417669741459,13.417245402103038,51.48228972769209,75.13329824628595,1.31713
-0.9990012263497404,0.6945544773184906,3.513270093945983,10.334179289987183,49.94379473328373,56.820060651787486,1.33694
0.8708948366101155,-0.0216944970412729,4.189039046799967,11.841574937970885,50.96607332629608,79.99538347552918,1.38118
-0.9077161891742412,0.386339920124412,3.155321026101432,10.961519343890265,43.662569226516425,57.912874402371614,1.33982
-0.5523388111043296,-0.9950235302779336,3.5952424841475152,11.93476583321355,52.07057223311034,63.81347583167084,1.31346
-0.3574135678770473,0.736822582083972,3.591747160851938,14.374992772425276,51.33526177267355,68.6593878514852,1.35537
-0.612337841823254,0.1736143064593356,4.166469801481094,11.740268417219417,41.10118530378852,64.9078186882676,1.34595
0.4136278183024295,0.1894882452055475,3.8129909408229903,13.758340220878392,47.85002368760389,80.90541657427448,1.37089
0.768134861610198,-0.290454881682696,2.947450072475884,10.803972053026737,55.09069229055174,64.2899485709035,1.37667
-0.4006861159434667,-0.9237576188181646,3.0867678984173708,12.351857690452425,58.590088689658366,58.68115130705253,1.31407
-0.0533757058159026,0.6981961392709648,3.811187333925888,14.045674933955944,50.58193126329782,61.60366328293306,1.3706
0.3394847375987257,0.0436317866422342,4.142767512196943,14.091914572667918,54.41872389589818,78.60619701244573,1.35841
-0.0835974040875974,0.0038144730941891,2.9996077187056063,13.71032368145385,45.21690681874932,56.85351980627407,1.36243
0.7431229150855625,-0.7848113368293743,3.072707705223088,13.009621281550649,55.63278308738767,68.05639619558785,1.36087
-0.0356422876312113,0.6505689608545226,2.873304489723907,14.432005385039028,53.23833763541728,68.20322406055028,1.36336
0.8575539051982524,-0.0838788483482482,3.645176407758093,13.72042851793508,56.08581886758806,67.97736077464695,1.37956
0.2745345577882008,-0.9517947202404564,3.4049351068939773,12.694268744375922,51.80859146364844,63.10721997208299,1.34599
-0.1195037295524099,-0.4770480516297948,3.2928638612055248,14.391129591482098,48.94753121819401,82.20239773203446,1.33315
-0.7336085642402506,-0.649597729555297,3.2132955807311365,10.886629465796188,59.89763887557504,76.99215258180774,1.29572
-0.2088316407837692,-0.6795167118235582,3.3471614127704523,11.083111156983303,56.99911181655692,55.232335893924656,1.33033
0.3272129893601154,-0.4306696315907964,3.960847431846316,12.704504678246703,51.655714387320685,66.81261627582992,1.35785
-0.9881171467087546,-0.7755663548284136,3.8236229539152977,10.601446365866153,57.685981828236095,59.349817578967375,1.29552
0.8151796114830783,-0.7176127817661675,3.79156711058649,13.230388873640372,55.54301324883624,77.38638043074563,1.36019
-0.9263105874379708,0.4456458770818139,3.2868310801259355,14.57979031969278,45.46623940394559,55.90812075835581,1.33845
0.0675749444442166,0.1170482405471877,3.3350614512966787,11.500605056000625,52.27024732935739,74.26774472229894,1.3551
